insert into PRODUCT_CATEGORY(productCategoryId,productCategoryName,productCategoryQuantity) values(101,'Embedded Electronics',129)
insert into PRODUCT_CATEGORY(productCategoryId,productCategoryName,productCategoryQuantity) values(102,'Connecters',841)
insert into PRODUCT_CATEGORY(productCategoryId,productCategoryName,productCategoryQuantity) values(103,'Switches',201)
insert into PRODUCT_CATEGORY(productCategoryId,productCategoryName,productCategoryQuantity) values(104,'Passive Components',544)
insert into PRODUCT_CATEGORY(productCategoryId,productCategoryName,productCategoryQuantity) values(105,'Active Components',308)
insert into PRODUCT_CATEGORY(productCategoryId,productCategoryName,productCategoryQuantity) values(106,'Power Supply',52)
insert into PRODUCT_CATEGORY(productCategoryId,productCategoryName,productCategoryQuantity) values(107,'OptoElectronics',45)
insert into PRODUCT_CATEGORY(productCategoryId,productCategoryName,productCategoryQuantity) values(108,'Prototyping and Testing',97)
insert into PRODUCT_CATEGORY(productCategoryId,productCategoryName,productCategoryQuantity) values(109,'Circuit Protection',35)
insert into PRODUCT_CATEGORY(productCategoryId,productCategoryName,productCategoryQuantity) values(110,'Hardware',139)
insert into PRODUCT_CATEGORY(productCategoryId,productCategoryName,productCategoryQuantity) values(111,'All Products',2390)

insert into PRODUCT_SUB_CATEGORY(productSubCategoryId,productSubCategoryName,productCategoryId,productCategoryName,productSubCategoryQuantity) values(1011,'Development',101,'Embedded Electronics',17)
insert into PRODUCT_SUB_CATEGORY(productSubCategoryId,productSubCategoryName,productCategoryId,productCategoryName,productSubCategoryQuantity) values(1012,'Audio Speech',101,'Embedded Electronics',5)
insert into PRODUCT_SUB_CATEGORY(productSubCategoryId,productSubCategoryName,productCategoryId,productCategoryName,productSubCategoryQuantity) values(1013,'Ethernet',101,'Embedded Electronics',1)
insert into PRODUCT_SUB_CATEGORY(productSubCategoryId,productSubCategoryName,productCategoryId,productCategoryName,productSubCategoryQuantity) values(1014,'USB-R232-Serial',101,'Embedded Electronics',6)
insert into PRODUCT_SUB_CATEGORY(productSubCategoryId,productSubCategoryName,productCategoryId,productCategoryName,productSubCategoryQuantity) values(1015,'RS485',101,'Embedded Electronics',4)
insert into PRODUCT_SUB_CATEGORY(productSubCategoryId,productSubCategoryName,productCategoryId,productCategoryName,productSubCategoryQuantity) values(1016,'Wireless Communications',101,'Embedded Electronics',4)
insert into PRODUCT_SUB_CATEGORY(productSubCategoryId,productSubCategoryName,productCategoryId,productCategoryName,productSubCategoryQuantity) values(1017,'Lora',101,'Embedded Electronics',2)
insert into PRODUCT_SUB_CATEGORY(productSubCategoryId,productSubCategoryName,productCategoryId,productCategoryName,productSubCategoryQuantity) values(1018,'Barcode',101,'Embedded Electronics',5)
insert into PRODUCT_SUB_CATEGORY(productSubCategoryId,productSubCategoryName,productCategoryId,productCategoryName,productSubCategoryQuantity) values(1019,'ESP32 Series',101,'Embedded Electronics',3)
insert into PRODUCT_SUB_CATEGORY(productSubCategoryId,productSubCategoryName,productCategoryId,productCategoryName,productSubCategoryQuantity) values(10110,'ESP8266 Series',101,'Embedded Electronics',2)
insert into PRODUCT_SUB_CATEGORY(productSubCategoryId,productSubCategoryName,productCategoryId,productCategoryName,productSubCategoryQuantity) values(10111,'Remote Control',101,'Embedded Electronics',6)
insert into PRODUCT_SUB_CATEGORY(productSubCategoryId,productSubCategoryName,productCategoryId,productCategoryName,productSubCategoryQuantity) values(10112,'USB Host',101,'Embedded Electronics',4)
insert into PRODUCT_SUB_CATEGORY(productSubCategoryId,productSubCategoryName,productCategoryId,productCategoryName,productSubCategoryQuantity) values(10113,'Measurement',101,'Embedded Electronics',0)
insert into PRODUCT_SUB_CATEGORY(productSubCategoryId,productSubCategoryName,productCategoryId,productCategoryName,productSubCategoryQuantity) values(10114,'Displays',101,'Embedded Electronics',1)
insert into PRODUCT_SUB_CATEGORY(productSubCategoryId,productSubCategoryName,productCategoryId,productCategoryName,productSubCategoryQuantity) values(10115,'Sensors',101,'Embedded Electronics',67)
insert into PRODUCT_SUB_CATEGORY(productSubCategoryId,productSubCategoryName,productCategoryId,productCategoryName,productSubCategoryQuantity) values(10116,'Printing',101,'Embedded Electronics',1)


insert into PRODUCT_SUB_CATEGORY(productSubCategoryId,productSubCategoryName,productCategoryId,productCategoryName,productSubCategoryQuantity) values(1021,'JST XH 2.5mm',102,'Connecters',94)
insert into PRODUCT_SUB_CATEGORY(productSubCategoryId,productSubCategoryName,productCategoryId,productCategoryName,productSubCategoryQuantity) values(1022,'JST PH 2.0mm',102,'Connecters',74)
insert into PRODUCT_SUB_CATEGORY(productSubCategoryId,productSubCategoryName,productCategoryId,productCategoryName,productSubCategoryQuantity) values(1023,'JST 1.25mm',102,'Connecters',79)
insert into PRODUCT_SUB_CATEGORY(productSubCategoryId,productSubCategoryName,productCategoryId,productCategoryName,productSubCategoryQuantity) values(1024,'JST VH 3.96mm',102,'Connecters',8)
insert into PRODUCT_SUB_CATEGORY(productSubCategoryId,productSubCategoryName,productCategoryId,productCategoryName,productSubCategoryQuantity) values(1025,'CPU CH 3.96mm',102,'Connecters',13)
insert into PRODUCT_SUB_CATEGORY(productSubCategoryId,productSubCategoryName,productCategoryId,productCategoryName,productSubCategoryQuantity) values(1026,'JST SM',102,'Connecters',3)
insert into PRODUCT_SUB_CATEGORY(productSubCategoryId,productSubCategoryName,productCategoryId,productCategoryName,productSubCategoryQuantity) values(1027,'Berg 2.5mm',102,'Connecters',21)
insert into PRODUCT_SUB_CATEGORY(productSubCategoryId,productSubCategoryName,productCategoryId,productCategoryName,productSubCategoryQuantity) values(1028,'Mini Fit',102,'Connecters',53)
insert into PRODUCT_SUB_CATEGORY(productSubCategoryId,productSubCategoryName,productCategoryId,productCategoryName,productSubCategoryQuantity) values(1029,'FRC IDC Flat Header',102,'Connecters',42)
insert into PRODUCT_SUB_CATEGORY(productSubCategoryId,productSubCategoryName,productCategoryId,productCategoryName,productSubCategoryQuantity) values(10210,'FFC-FPC-1mm',102,'Connecters',109)
insert into PRODUCT_SUB_CATEGORY(productSubCategoryId,productSubCategoryName,productCategoryId,productCategoryName,productSubCategoryQuantity) values(10211,'FFC-FPC-0.5mm',102,'Connecters',30)
insert into PRODUCT_SUB_CATEGORY(productSubCategoryId,productSubCategoryName,productCategoryId,productCategoryName,productSubCategoryQuantity) values(10212,'Header Strips',102,'Connecters',20)
insert into PRODUCT_SUB_CATEGORY(productSubCategoryId,productSubCategoryName,productCategoryId,productCategoryName,productSubCategoryQuantity) values(10213,'USB',102,'Connecters',43)
insert into PRODUCT_SUB_CATEGORY(productSubCategoryId,productSubCategoryName,productCategoryId,productCategoryName,productSubCategoryQuantity) values(10214,'Screw Terminal Fixed',102,'Connecters',14)
insert into PRODUCT_SUB_CATEGORY(productSubCategoryId,productSubCategoryName,productCategoryId,productCategoryName,productSubCategoryQuantity) values(10215,'Screw Terminal Plugged',102,'Connecters',10)
insert into PRODUCT_SUB_CATEGORY(productSubCategoryId,productSubCategoryName,productCategoryId,productCategoryName,productSubCategoryQuantity) values(10216,'Signals',102,'Connecters',7)
insert into PRODUCT_SUB_CATEGORY(productSubCategoryId,productSubCategoryName,productCategoryId,productCategoryName,productSubCategoryQuantity) values(10217,'Battery Holder',102,'Connecters',9)
insert into PRODUCT_SUB_CATEGORY(productSubCategoryId,productSubCategoryName,productCategoryId,productCategoryName,productSubCategoryQuantity)  values(10218,'Power DC',102,'Connecters',28)
insert into PRODUCT_SUB_CATEGORY(productSubCategoryId,productSubCategoryName,productCategoryId,productCategoryName,productSubCategoryQuantity)  values(10219,'Power AC',102,'Connecters',15)
insert into PRODUCT_SUB_CATEGORY(productSubCategoryId,productSubCategoryName,productCategoryId,productCategoryName,productSubCategoryQuantity) values(10220,'IC Socket',102,'Connecters',7)
insert into PRODUCT_SUB_CATEGORY(productSubCategoryId,productSubCategoryName,productCategoryId,productCategoryName,productSubCategoryQuantity) values(10221,'D-Type',102,'Connecters',28)
insert into PRODUCT_SUB_CATEGORY(productSubCategoryId,productSubCategoryName,productCategoryId,productCategoryName,productSubCategoryQuantity) values(10222,'Memory Card',102,'Connecters',7)
insert into PRODUCT_SUB_CATEGORY(productSubCategoryId,productSubCategoryName,productCategoryId,productCategoryName,productSubCategoryQuantity) values(10223,'Sim Card Holders',102,'Connecters',8)
insert into PRODUCT_SUB_CATEGORY(productSubCategoryId,productSubCategoryName,productCategoryId,productCategoryName,productSubCategoryQuantity) values(10224,'Banana Terminals',102,'Connecters',8)
insert into PRODUCT_SUB_CATEGORY(productSubCategoryId,productSubCategoryName,productCategoryId,productCategoryName,productSubCategoryQuantity) values(10225,'Round Shell',102,'Connecters',13)
insert into PRODUCT_SUB_CATEGORY(productSubCategoryId,productSubCategoryName,productCategoryId,productCategoryName,productSubCategoryQuantity) values(10226,'Audio Stereo',102,'Connecters',7)
insert into PRODUCT_SUB_CATEGORY(productSubCategoryId,productSubCategoryName,productCategoryId,productCategoryName,productSubCategoryQuantity) values(10227,'Video HDMI',102,'Connecters',4)
insert into PRODUCT_SUB_CATEGORY(productSubCategoryId,productSubCategoryName,productCategoryId,productCategoryName,productSubCategoryQuantity) values(10228,'Ethernet',102,'Connecters',9)
insert into PRODUCT_SUB_CATEGORY(productSubCategoryId,productSubCategoryName,productCategoryId,productCategoryName,productSubCategoryQuantity) values(10229,'Wire to Wire',102,'Connecters',9)
insert into PRODUCT_SUB_CATEGORY(productSubCategoryId,productSubCategoryName,productCategoryId,productCategoryName,productSubCategoryQuantity) values(10230,'Wires',102,'Connecters',10)
insert into PRODUCT_SUB_CATEGORY(productSubCategoryId,productSubCategoryName,productCategoryId,productCategoryName,productSubCategoryQuantity) values(10231,'Wire Crimp Terminals',102,'Connecters',13)
insert into PRODUCT_SUB_CATEGORY(productSubCategoryId,productSubCategoryName,productCategoryId,productCategoryName,productSubCategoryQuantity) values(10232,'Ferrule(Bootlace)',102,'Connecters',22)
insert into PRODUCT_SUB_CATEGORY(productSubCategoryId,productSubCategoryName,productCategoryId,productCategoryName,productSubCategoryQuantity) values(10233,'Quick Disconnect Terminal',102,'Connecters',23)
insert into PRODUCT_SUB_CATEGORY(productSubCategoryId,productSubCategoryName,productCategoryId,productCategoryName,productSubCategoryQuantity) values(10234,'Waterproof Connecters',102,'Connecters',1)

insert into PRODUCT_SUB_CATEGORY(productSubCategoryId,productSubCategoryName,productCategoryId,productCategoryName,productSubCategoryQuantity) values(1031,'6*6mm Size',103,'Switches',46)
insert into PRODUCT_SUB_CATEGORY(productSubCategoryId,productSubCategoryName,productCategoryId,productCategoryName,productSubCategoryQuantity) values(1032,'12*12mm Size',103,'Switches',10)
insert into PRODUCT_SUB_CATEGORY(productSubCategoryId,productSubCategoryName,productCategoryId,productCategoryName,productSubCategoryQuantity) values(1033,'12*12*7.3mm Omran',103,'Switches',14)
insert into PRODUCT_SUB_CATEGORY(productSubCategoryId,productSubCategoryName,productCategoryId,productCategoryName,productSubCategoryQuantity) values(1034,'SMD Switches',103,'Switches',12)
insert into PRODUCT_SUB_CATEGORY(productSubCategoryId,productSubCategoryName,productCategoryId,productCategoryName,productSubCategoryQuantity) values(1035,'Switches with LEDs',103,'Switches',5)
insert into PRODUCT_SUB_CATEGORY(productSubCategoryId,productSubCategoryName,productCategoryId,productCategoryName,productSubCategoryQuantity) values(1036,'Slide Switches',103,'Switches',13)
insert into PRODUCT_SUB_CATEGORY(productSubCategoryId,productSubCategoryName,productCategoryId,productCategoryName,productSubCategoryQuantity) values(1037,'Membrane/Matrix',103,'Switches',6)
insert into PRODUCT_SUB_CATEGORY(productSubCategoryId,productSubCategoryName,productCategoryId,productCategoryName,productSubCategoryQuantity) values(1038,'Navigation',103,'Switches',9)
insert into PRODUCT_SUB_CATEGORY(productSubCategoryId,productSubCategoryName,productCategoryId,productCategoryName,productSubCategoryQuantity) values(1039,'Rocker',103,'Switches',18)
insert into PRODUCT_SUB_CATEGORY(productSubCategoryId,productSubCategoryName,productCategoryId,productCategoryName,productSubCategoryQuantity) values(10310,'Push ON/OFF',103,'Switches',8)
insert into PRODUCT_SUB_CATEGORY(productSubCategoryId,productSubCategoryName,productCategoryId,productCategoryName,productSubCategoryQuantity) values(10311,'Panel Mount',103,'Switches',16)
insert into PRODUCT_SUB_CATEGORY(productSubCategoryId,productSubCategoryName,productCategoryId,productCategoryName,productSubCategoryQuantity) values(10312,'Limit',103,'Switches',3)
insert into PRODUCT_SUB_CATEGORY(productSubCategoryId,productSubCategoryName,productCategoryId,productCategoryName,productSubCategoryQuantity) values(10313,'Toggle',103,'Switches',1)
insert into PRODUCT_SUB_CATEGORY(productSubCategoryId,productSubCategoryName,productCategoryId,productCategoryName,productSubCategoryQuantity) values(10314,'DIP',103,'Switches',26)
insert into PRODUCT_SUB_CATEGORY(productSubCategoryId,productSubCategoryName,productCategoryId,productCategoryName,productSubCategoryQuantity) values(10315,'Key Switches',103,'Switches',2)
insert into PRODUCT_SUB_CATEGORY(productSubCategoryId,productSubCategoryName,productCategoryId,productCategoryName,productSubCategoryQuantity) values(10316,'6*6*7.3mm Size',103,'Switches',6)
insert into PRODUCT_SUB_CATEGORY(productSubCategoryId,productSubCategoryName,productCategoryId,productCategoryName,productSubCategoryQuantity) values(10317,'Switch Cap Silicone',103,'Switches',3)
insert into PRODUCT_SUB_CATEGORY(productSubCategoryId,productSubCategoryName,productCategoryId,productCategoryName,productSubCategoryQuantity) values(10318,'Thumbwheel Switch',103,'Switches',3)

insert into PRODUCT_SUB_CATEGORY(productSubCategoryId,productSubCategoryName,productCategoryId,productCategoryName,productSubCategoryQuantity) values(1041,'Inductors',104,'Passive Components',62)
insert into PRODUCT_SUB_CATEGORY(productSubCategoryId,productSubCategoryName,productCategoryId,productCategoryName,productSubCategoryQuantity) values(1042,'Resistors SMD',104,'Passive Components',248)
insert into PRODUCT_SUB_CATEGORY(productSubCategoryId,productSubCategoryName,productCategoryId,productCategoryName,productSubCategoryQuantity) values(1043,'Capacitors SMD MLCC',104,'Passive Components',72)
insert into PRODUCT_SUB_CATEGORY(productSubCategoryId,productSubCategoryName,productCategoryId,productCategoryName,productSubCategoryQuantity) values(1044,'Capacitors-THole',104,'Passive Components',33)
insert into PRODUCT_SUB_CATEGORY(productSubCategoryId,productSubCategoryName,productCategoryId,productCategoryName,productSubCategoryQuantity) values(1046,'Capacitors-SMD',104,'Passive Components',26)
insert into PRODUCT_SUB_CATEGORY(productSubCategoryId,productSubCategoryName,productCategoryId,productCategoryName,productSubCategoryQuantity) values(1047,'Variable Resistors',104,'Passive Components',28)
insert into PRODUCT_SUB_CATEGORY(productSubCategoryId,productSubCategoryName,productCategoryId,productCategoryName,productSubCategoryQuantity) values(1048,'Potentiometer',104,'Passive Components',10)
insert into PRODUCT_SUB_CATEGORY(productSubCategoryId,productSubCategoryName,productCategoryId,productCategoryName,productSubCategoryQuantity) values(1049,'RF Antenna',104,'Passive Components',17)
insert into PRODUCT_SUB_CATEGORY(productSubCategoryId,productSubCategoryName,productCategoryId,productCategoryName,productSubCategoryQuantity) values(10410,'Crystals',104,'Passive Components',18)
insert into PRODUCT_SUB_CATEGORY(productSubCategoryId,productSubCategoryName,productCategoryId,productCategoryName,productSubCategoryQuantity) values(10411,'Transformers',104,'Passive Components',4)
insert into PRODUCT_SUB_CATEGORY(productSubCategoryId,productSubCategoryName,productCategoryId,productCategoryName,productSubCategoryQuantity) values(10412,'Relays',104,'Passive Components',2)
insert into PRODUCT_SUB_CATEGORY(productSubCategoryId,productSubCategoryName,productCategoryId,productCategoryName,productSubCategoryQuantity) values(10413,'Battery',104,'Passive Components',3)
insert into PRODUCT_SUB_CATEGORY(productSubCategoryId,productSubCategoryName,productCategoryId,productCategoryName,productSubCategoryQuantity) values(10414,'MIC',104,'Passive Components',4)
insert into PRODUCT_SUB_CATEGORY(productSubCategoryId,productSubCategoryName,productCategoryId,productCategoryName,productSubCategoryQuantity) values(10415,'Buzzer',104,'Passive Components',4)
insert into PRODUCT_SUB_CATEGORY(productSubCategoryId,productSubCategoryName,productCategoryId,productCategoryName,productSubCategoryQuantity) values(10416,'Resistors Through Hole',104,'Passive Components',13)

insert into PRODUCT_SUB_CATEGORY(productSubCategoryId,productSubCategoryName,productCategoryId,productCategoryName,productSubCategoryQuantity) values(1051,'Microcontroller',105,'Active Components',18)
insert into PRODUCT_SUB_CATEGORY(productSubCategoryId,productSubCategoryName,productCategoryId,productCategoryName,productSubCategoryQuantity) values(1052,'Megawin 8051',105,'Active Components',12)
insert into PRODUCT_SUB_CATEGORY(productSubCategoryId,productSubCategoryName,productCategoryId,productCategoryName,productSubCategoryQuantity) values(1053,'USB',105,'Active Components',6)
insert into PRODUCT_SUB_CATEGORY(productSubCategoryId,productSubCategoryName,productCategoryId,productCategoryName,productSubCategoryQuantity) values(1054,'Touch Sensing',105,'Active Components',5)
insert into PRODUCT_SUB_CATEGORY(productSubCategoryId,productSubCategoryName,productCategoryId,productCategoryName,productSubCategoryQuantity) values(1055,'Audio',105,'Active Components',7)
insert into PRODUCT_SUB_CATEGORY(productSubCategoryId,productSubCategoryName,productCategoryId,productCategoryName,productSubCategoryQuantity) values(1056,'Optocouplers',105,'Active Components',7)
insert into PRODUCT_SUB_CATEGORY(productSubCategoryId,productSubCategoryName,productCategoryId,productCategoryName,productSubCategoryQuantity) values(1057,'Opamp',105,'Active Components',7)
insert into PRODUCT_SUB_CATEGORY(productSubCategoryId,productSubCategoryName,productCategoryId,productCategoryName,productSubCategoryQuantity) values(1058,'Memory',105,'Active Components',9)
insert into PRODUCT_SUB_CATEGORY(productSubCategoryId,productSubCategoryName,productCategoryId,productCategoryName,productSubCategoryQuantity) values(1059,'Power Regulator',105,'Active Components',51)
insert into PRODUCT_SUB_CATEGORY(productSubCategoryId,productSubCategoryName,productCategoryId,productCategoryName,productSubCategoryQuantity) values(10510,'Various ICs',105,'Active Components',30)
insert into PRODUCT_SUB_CATEGORY(productSubCategoryId,productSubCategoryName,productCategoryId,productCategoryName,productSubCategoryQuantity) values(10511,'Traic',105,'Active Components',10)
insert into PRODUCT_SUB_CATEGORY(productSubCategoryId,productSubCategoryName,productCategoryId,productCategoryName,productSubCategoryQuantity) values(10512,'Mofsets',105,'Active Components',46)
insert into PRODUCT_SUB_CATEGORY(productSubCategoryId,productSubCategoryName,productCategoryId,productCategoryName,productSubCategoryQuantity) values(10513,'Transistors',105,'Active Components',31)
insert into PRODUCT_SUB_CATEGORY(productSubCategoryId,productSubCategoryName,productCategoryId,productCategoryName,productSubCategoryQuantity) values(10514,'Diodes and Rectifiers',105,'Active Components',56)
insert into PRODUCT_SUB_CATEGORY(productSubCategoryId,productSubCategoryName,productCategoryId,productCategoryName,productSubCategoryQuantity) values(10515,'Zener Diodes',105,'Active Components',13)

insert into PRODUCT_SUB_CATEGORY(productSubCategoryId,productSubCategoryName,productCategoryId,productCategoryName,productSubCategoryQuantity) values(1061,'AC to DC SMPS',106,'Power Supply',25)
insert into PRODUCT_SUB_CATEGORY(productSubCategoryId,productSubCategoryName,productCategoryId,productCategoryName,productSubCategoryQuantity) values(1062,'DC-DC Step Down',106,'Power Supply',9)
insert into PRODUCT_SUB_CATEGORY(productSubCategoryId,productSubCategoryName,productCategoryId,productCategoryName,productSubCategoryQuantity) values(1063,'DC-DC Step up Boost',106,'Power Supply',8)
insert into PRODUCT_SUB_CATEGORY(productSubCategoryId,productSubCategoryName,productCategoryId,productCategoryName,productSubCategoryQuantity) values(1064,'DC-DC Buck/Boost',106,'Power Supply',2)
insert into PRODUCT_SUB_CATEGORY(productSubCategoryId,productSubCategoryName,productCategoryId,productCategoryName,productSubCategoryQuantity) values(1065,'Battery Charger',106,'Power Supply',2)
insert into PRODUCT_SUB_CATEGORY(productSubCategoryId,productSubCategoryName,productCategoryId,productCategoryName,productSubCategoryQuantity) values(1066,'SSR',106,'Power Supply',3)
insert into PRODUCT_SUB_CATEGORY(productSubCategoryId,productSubCategoryName,productCategoryId,productCategoryName,productSubCategoryQuantity) values(1067,'DC-DC Isolation',106,'Power Supply',1)
insert into PRODUCT_SUB_CATEGORY(productSubCategoryId,productSubCategoryName,productCategoryId,productCategoryName,productSubCategoryQuantity) values(1068,'Dimming',106,'Power Supply',1)


insert into PRODUCT_SUB_CATEGORY(productSubCategoryId,productSubCategoryName,productCategoryId,productCategoryName,productSubCategoryQuantity) values(1071,'Displays',107,'OptoElectronics',13)
insert into PRODUCT_SUB_CATEGORY(productSubCategoryId,productSubCategoryName,productCategoryId,productCategoryName,productSubCategoryQuantity) values(1072,'LED Indication',107,'OptoElectronics',21)
insert into PRODUCT_SUB_CATEGORY(productSubCategoryId,productSubCategoryName,productCategoryId,productCategoryName,productSubCategoryQuantity) values(1073,'LED Lighting',107,'OptoElectronics',11)

insert into PRODUCT_SUB_CATEGORY(productSubCategoryId,productSubCategoryName,productCategoryId,productCategoryName,productSubCategoryQuantity) values(1081,'ZIF Scokets and Test Clips',108,'Prototyping and Testing',27)
insert into PRODUCT_SUB_CATEGORY(productSubCategoryId,productSubCategoryName,productCategoryId,productCategoryName,productSubCategoryQuantity) values(1082,'Adapter PCBs',108,'Prototyping and Testing',56)
insert into PRODUCT_SUB_CATEGORY(productSubCategoryId,productSubCategoryName,productCategoryId,productCategoryName,productSubCategoryQuantity) values(1083,'Test Probes',108,'Prototyping and Testing',6)
insert into PRODUCT_SUB_CATEGORY(productSubCategoryId,productSubCategoryName,productCategoryId,productCategoryName,productSubCategoryQuantity) values(1084,'Wire Test Hooks',108,'Prototyping and Testing',5)
insert into PRODUCT_SUB_CATEGORY(productSubCategoryId,productSubCategoryName,productCategoryId,productCategoryName,productSubCategoryQuantity) values(1085,'Jumper Wires',108,'Prototyping and Testing',3)

insert into PRODUCT_SUB_CATEGORY(productSubCategoryId,productSubCategoryName,productCategoryId,productCategoryName,productSubCategoryQuantity) values(1091,'Fuse',109,'Circuit Protection',8)
insert into PRODUCT_SUB_CATEGORY(productSubCategoryId,productSubCategoryName,productCategoryId,productCategoryName,productSubCategoryQuantity) values(1092,'TVS/ESD/Surge',109,'Circuit Protection',16)
insert into PRODUCT_SUB_CATEGORY(productSubCategoryId,productSubCategoryName,productCategoryId,productCategoryName,productSubCategoryQuantity) values(1093,'EMI',109,'Circuit Protection',6)
insert into PRODUCT_SUB_CATEGORY(productSubCategoryId,productSubCategoryName,productCategoryId,productCategoryName,productSubCategoryQuantity) values(1094,'MOV/ZOV',109,'Circuit Protection',3)
insert into PRODUCT_SUB_CATEGORY(productSubCategoryId,productSubCategoryName,productCategoryId,productCategoryName,productSubCategoryQuantity) values(1095,'NTC',109,'Circuit Protection',2)

insert into PRODUCT_SUB_CATEGORY(productSubCategoryId,productSubCategoryName,productCategoryId,productCategoryName,productSubCategoryQuantity) values(1101,'PCB Standoff Pacer',110,'Hardware',5)
insert into PRODUCT_SUB_CATEGORY(productSubCategoryId,productSubCategoryName,productCategoryId,productCategoryName,productSubCategoryQuantity) values(1102,'PCB Spacer - Threaded',110,'Hardware',15)
insert into PRODUCT_SUB_CATEGORY(productSubCategoryId,productSubCategoryName,productCategoryId,productCategoryName,productSubCategoryQuantity) values(1103,'PCB Spacer - Snap Fit',110,'Hardware',8)
insert into PRODUCT_SUB_CATEGORY(productSubCategoryId,productSubCategoryName,productCategoryId,productCategoryName,productSubCategoryQuantity) values(1104,'Spacers-Hex-M3 Threads',110,'Hardware',5)
insert into PRODUCT_SUB_CATEGORY(productSubCategoryId,productSubCategoryName,productCategoryId,productCategoryName,productSubCategoryQuantity) values(1105,'Spacers-Hex-No Threads',110,'Hardware',8)
insert into PRODUCT_SUB_CATEGORY(productSubCategoryId,productSubCategoryName,productCategoryId,productCategoryName,productSubCategoryQuantity) values(1106,'LED Spacer',110,'Hardware',14)
insert into PRODUCT_SUB_CATEGORY(productSubCategoryId,productSubCategoryName,productCategoryId,productCategoryName,productSubCategoryQuantity) values(1107,'LED Holder',110,'Hardware',5)
insert into PRODUCT_SUB_CATEGORY(productSubCategoryId,productSubCategoryName,productCategoryId,productCategoryName,productSubCategoryQuantity) values(1108,'Cable Glands',110,'Hardware',11)
insert into PRODUCT_SUB_CATEGORY(productSubCategoryId,productSubCategoryName,productCategoryId,productCategoryName,productSubCategoryQuantity) values(1109,'Knob',110,'Hardware',7)
insert into PRODUCT_SUB_CATEGORY(productSubCategoryId,productSubCategoryName,productCategoryId,productCategoryName,productSubCategoryQuantity) values(11010,'Knob Bakelite',110,'Hardware',5)
insert into PRODUCT_SUB_CATEGORY(productSubCategoryId,productSubCategoryName,productCategoryId,productCategoryName,productSubCategoryQuantity) values(11011,'Heatsink',110,'Hardware',3)
insert into PRODUCT_SUB_CATEGORY(productSubCategoryId,productSubCategoryName,productCategoryId,productCategoryName,productSubCategoryQuantity) values(11012,'Protective',110,'Hardware',4)
insert into PRODUCT_SUB_CATEGORY(productSubCategoryId,productSubCategoryName,productCategoryId,productCategoryName,productSubCategoryQuantity) values(11013,'Enclosures',110,'Hardware',10)
insert into PRODUCT_SUB_CATEGORY(productSubCategoryId,productSubCategoryName,productCategoryId,productCategoryName,productSubCategoryQuantity) values(11014,'Tools Equipment',110,'Hardware',7)
insert into PRODUCT_SUB_CATEGORY(productSubCategoryId,productSubCategoryName,productCategoryId,productCategoryName,productSubCategoryQuantity) values(11015,'Heat Shrink Tubing',110,'Hardware',21)
insert into PRODUCT_SUB_CATEGORY(productSubCategoryId,productSubCategoryName,productCategoryId,productCategoryName,productSubCategoryQuantity) values(11016,'Nuts and Bolts',110,'Hardware',10)


insert into PRODUCT(productId,productName,productSubCategoryId,productSubCategoryName,productCategoryId,productCategoryName,productActive,skucode,productQuantity) values(1011101,'Devlopment Sub 1 ',1011,'Development',101,'Embedded Electronics',True,'sku1011101',100)
insert into PRODUCT(productId,productName,productSubCategoryId,productSubCategoryName,productCategoryId,productCategoryName,productActive,skucode,productQuantity) values(1011102,'Devlopment Sub 2 ',1011,'Development',101,'Embedded Electronics',True,'sku1011102',100)
insert into PRODUCT(productId,productName,productSubCategoryId,productSubCategoryName,productCategoryId,productCategoryName,productActive,skucode,productQuantity) values(1011103,'Devlopment Sub 3 ',1011,'Development',101,'Embedded Electronics',True,'sku1011103',100)
insert into PRODUCT(productId,productName,productSubCategoryId,productSubCategoryName,productCategoryId,productCategoryName,productActive,skucode,productQuantity) values(1011104,'Devlopment Sub 4 ',1011,'Development',101,'Embedded Electronics',True,'sku1011104',100)
insert into PRODUCT(productId,productName,productSubCategoryId,productSubCategoryName,productCategoryId,productCategoryName,productActive,skucode,productQuantity) values(1011105,'Devlopment Sub 5 ',1011,'Development',101,'Embedded Electronics',True,'sku1011105',100)
insert into PRODUCT(productId,productName,productSubCategoryId,productSubCategoryName,productCategoryId,productCategoryName,productActive,skucode,productQuantity) values(1011106,'Devlopment Sub 6 ',1011,'Development',101,'Embedded Electronics',True,'sku1011106',100)
insert into PRODUCT(productId,productName,productSubCategoryId,productSubCategoryName,productCategoryId,productCategoryName,productActive,skucode,productQuantity) values(1011107,'Devlopment Sub 7 ',1011,'Development',101,'Embedded Electronics',True,'sku1011107',100)
insert into PRODUCT(productId,productName,productSubCategoryId,productSubCategoryName,productCategoryId,productCategoryName,productActive,skucode,productQuantity) values(1011108,'Devlopment Sub 8 ',1011,'Development',101,'Embedded Electronics',True,'sku1011108',100)
insert into PRODUCT(productId,productName,productSubCategoryId,productSubCategoryName,productCategoryId,productCategoryName,productActive,skucode,productQuantity) values(1011109,'Devlopment Sub 9 ',1011,'Development',101,'Embedded Electronics',True,'sku1011109',100)
insert into PRODUCT(productId,productName,productSubCategoryId,productSubCategoryName,productCategoryId,productCategoryName,productActive,skucode,productQuantity) values(1011110,'Devlopment Sub 10',1011,'Development',101,'Embedded Electronics',True,'sku1011110',100)
insert into PRODUCT(productId,productName,productSubCategoryId,productSubCategoryName,productCategoryId,productCategoryName,productActive,skucode,productQuantity) values(1011111,'Devlopment Sub 11',1011,'Development',101,'Embedded Electronics',True,'sku1011111',100)
insert into PRODUCT(productId,productName,productSubCategoryId,productSubCategoryName,productCategoryId,productCategoryName,productActive,skucode,productQuantity) values(1011112,'Devlopment Sub 12',1011,'Development',101,'Embedded Electronics',True,'sku1011112',100)
insert into PRODUCT(productId,productName,productSubCategoryId,productSubCategoryName,productCategoryId,productCategoryName,productActive,skucode,productQuantity) values(1011113,'Devlopment Sub 13',1011,'Development',101,'Embedded Electronics',True,'sku1011113',100)
insert into PRODUCT(productId,productName,productSubCategoryId,productSubCategoryName,productCategoryId,productCategoryName,productActive,skucode,productQuantity) values(1011114,'Devlopment Sub 14',1011,'Development',101,'Embedded Electronics',True,'sku1011114',100)
insert into PRODUCT(productId,productName,productSubCategoryId,productSubCategoryName,productCategoryId,productCategoryName,productActive,skucode,productQuantity) values(1011115,'Devlopment Sub 15',1011,'Development',101,'Embedded Electronics',True,'sku1011115',100)
insert into PRODUCT(productId,productName,productSubCategoryId,productSubCategoryName,productCategoryId,productCategoryName,productActive,skucode,productQuantity) values(1011116,'Devlopment Sub 16',1011,'Development',101,'Embedded Electronics',True,'sku1011116',100)
insert into PRODUCT(productId,productName,productSubCategoryId,productSubCategoryName,productCategoryId,productCategoryName,productActive,skucode,productQuantity) values(1011117,'Devlopment Sub 17',1011,'Development',101,'Embedded Electronics',True,'sku1011117',100)

insert into PRODUCT(productId,productName,productSubCategoryId,productSubCategoryName,productCategoryId,productCategoryName,productActive,skucode,productQuantity) values(1012101,'Audio Speech 1',1012,'Audio Speech',101,'Embedded Electronics',True,'sku1012101',100)
insert into PRODUCT(productId,productName,productSubCategoryId,productSubCategoryName,productCategoryId,productCategoryName,productActive,skucode,productQuantity) values(1012102,'Audio Speech 2',1012,'Audio Speech',101,'Embedded Electronics',True,'sku1012102',100)
insert into PRODUCT(productId,productName,productSubCategoryId,productSubCategoryName,productCategoryId,productCategoryName,productActive,skucode,productQuantity) values(1012103,'Audio Speech 3',1012,'Audio Speech',101,'Embedded Electronics',True,'sku1012103',100)
insert into PRODUCT(productId,productName,productSubCategoryId,productSubCategoryName,productCategoryId,productCategoryName,productActive,skucode,productQuantity) values(1012104,'Audio Speech 4',1012,'Audio Speech',101,'Embedded Electronics',True,'sku1012104',100)
insert into PRODUCT(productId,productName,productSubCategoryId,productSubCategoryName,productCategoryId,productCategoryName,productActive,skucode,productQuantity) values(1012105,'Audio Speech 5',1012,'Audio Speech',101,'Embedded Electronics',True,'sku1013105',100)
insert into PRODUCT(productId,productName,productSubCategoryId,productSubCategoryName,productCategoryId,productCategoryName,productActive,skucode,productQuantity) values(1012106,'Audio Speech 6',1012,'Audio Speech',101,'Embedded Electronics',True,'sku1012106',100)
insert into PRODUCT(productId,productName,productSubCategoryId,productSubCategoryName,productCategoryId,productCategoryName,productActive,skucode,productQuantity) values(1012107,'Audio Speech 7',1012,'Audio Speech',101,'Embedded Electronics',True,'sku1012107',100)
insert into PRODUCT(productId,productName,productSubCategoryId,productSubCategoryName,productCategoryId,productCategoryName,productActive,skucode,productQuantity) values(1012108,'Audio Speech 8',1012,'Audio Speech',101,'Embedded Electronics',True,'sku1013108',100)

insert into PRODUCT(productId,productName,productSubCategoryId,productSubCategoryName,productCategoryId,productCategoryName,productActive,skucode,productQuantity) values(1013101,'Ethernet 1',1013,'Ethernet',101,'Embedded Electronics',True,'sku1013101',100)

insert into PRODUCT(productId,productName,productSubCategoryId,productSubCategoryName,productCategoryId,productCategoryName,productActive,skucode,productQuantity) values(1014101,'USB - RS232 1',1014,'USB-R232-Serial',101,'Embedded Electronics',True,'sku1014101',100)
insert into PRODUCT(productId,productName,productSubCategoryId,productSubCategoryName,productCategoryId,productCategoryName,productActive,skucode,productQuantity) values(1014102,'USB - RS232 2',1014,'USB-R232-Serial',101,'Embedded Electronics',True,'sku1014102',100)
insert into PRODUCT(productId,productName,productSubCategoryId,productSubCategoryName,productCategoryId,productCategoryName,productActive,skucode,productQuantity) values(1014103,'USB - RS232 3',1014,'USB-R232-Serial',101,'Embedded Electronics',True,'sku1014103',100)
insert into PRODUCT(productId,productName,productSubCategoryId,productSubCategoryName,productCategoryId,productCategoryName,productActive,skucode,productQuantity) values(1014104,'USB - RS232 4',1014,'USB-R232-Serial',101,'Embedded Electronics',True,'sku1014104',100)
insert into PRODUCT(productId,productName,productSubCategoryId,productSubCategoryName,productCategoryId,productCategoryName,productActive,skucode,productQuantity) values(1014105,'USB - RS232 5',1014,'USB-R232-Serial',101,'Embedded Electronics',True,'sku1014105',100)

insert into PRODUCT(productId,productName,productSubCategoryId,productSubCategoryName,productCategoryId,productCategoryName,productActive,skucode,productQuantity) values(1021101,'JST XH 2.5mm 1',1021,'JST XH 2.5mm',102,'Connecters',True,'sku1021101',100)
insert into PRODUCT(productId,productName,productSubCategoryId,productSubCategoryName,productCategoryId,productCategoryName,productActive,skucode,productQuantity) values(1021102,'JST XH 2.5mm 2',1021,'JST XH 2.5mm',102,'Connecters',True,'sku1021102',100)
insert into PRODUCT(productId,productName,productSubCategoryId,productSubCategoryName,productCategoryId,productCategoryName,productActive,skucode,productQuantity) values(1021103,'JST XH 2.5mm 3',1021,'JST XH 2.5mm',102,'Connecters',True,'sku1021103',100)
insert into PRODUCT(productId,productName,productSubCategoryId,productSubCategoryName,productCategoryId,productCategoryName,productActive,skucode,productQuantity) values(1021104,'JST XH 2.5mm 4',1021,'JST XH 2.5mm',102,'Connecters',True,'sku1021104',100)
insert into PRODUCT(productId,productName,productSubCategoryId,productSubCategoryName,productCategoryId,productCategoryName,productActive,skucode,productQuantity) values(1021105,'JST XH 2.5mm 5',1021,'JST XH 2.5mm',102,'Connecters',True,'sku1021105',100)

insert into PRODUCT(productId,productName,productSubCategoryId,productSubCategoryName,productCategoryId,productCategoryName,productActive,skucode,productQuantity) values(1022101,'JST PH 2.0mm 1',1022,'JST PH 2.0mm',102,'Connecters',True,'sku1022101',100)
insert into PRODUCT(productId,productName,productSubCategoryId,productSubCategoryName,productCategoryId,productCategoryName,productActive,skucode,productQuantity) values(1022102,'JST PH 2.0mm 2',1022,'JST PH 2.0mm',102,'Connecters',True,'sku1022102',100)
insert into PRODUCT(productId,productName,productSubCategoryId,productSubCategoryName,productCategoryId,productCategoryName,productActive,skucode,productQuantity) values(1022103,'JST PH 2.0mm 3',1022,'JST PH 2.0mm',102,'Connecters',True,'sku1022103',100)
insert into PRODUCT(productId,productName,productSubCategoryId,productSubCategoryName,productCategoryId,productCategoryName,productActive,skucode,productQuantity) values(1022104,'JST PH 2.0mm 4',1022,'JST PH 2.0mm',102,'Connecters',True,'sku1022104',100)
insert into PRODUCT(productId,productName,productSubCategoryId,productSubCategoryName,productCategoryId,productCategoryName,productActive,skucode,productQuantity) values(1022105,'JST PH 2.0mm 5',1022,'JST PH 2.0mm',102,'Connecters',True,'sku1022105',100)
insert into PRODUCT(productId,productName,productSubCategoryId,productSubCategoryName,productCategoryId,productCategoryName,productActive,skucode,productQuantity) values(1022106,'JST PH 2.0mm 6',1022,'JST PH 2.0mm',102,'Connecters',True,'sku1022106',100)

insert into PRODUCT(productId,productName,productSubCategoryId,productSubCategoryName,productCategoryId,productCategoryName,productActive,skucode,productQuantity) values(1023101,'JST 1.25mm 1',1023,'JST 1.25mm',102,'Connecters',True,'sku1023101',100)
insert into PRODUCT(productId,productName,productSubCategoryId,productSubCategoryName,productCategoryId,productCategoryName,productActive,skucode,productQuantity) values(1023102,'JST 1.25mm 2',1023,'JST 1.25mm',102,'Connecters',True,'sku1023102',100)
insert into PRODUCT(productId,productName,productSubCategoryId,productSubCategoryName,productCategoryId,productCategoryName,productActive,skucode,productQuantity) values(1023103,'JST 1.25mm 3',1023,'JST 1.25mm',102,'Connecters',True,'sku1023103',100)
insert into PRODUCT(productId,productName,productSubCategoryId,productSubCategoryName,productCategoryId,productCategoryName,productActive,skucode,productQuantity) values(1023104,'JST 1.25mm 4',1023,'JST 1.25mm',102,'Connecters',True,'sku1023104',100)
insert into PRODUCT(productId,productName,productSubCategoryId,productSubCategoryName,productCategoryId,productCategoryName,productActive,skucode,productQuantity) values(1023105,'JST 1.25mm 5',1023,'JST 1.25mm',102,'Connecters',True,'sku1023105',100)

insert into PRODUCT(productId,productName,productSubCategoryId,productSubCategoryName,productCategoryId,productCategoryName,productActive,skucode,productQuantity) values(1031101,'6x6mm 1',1031,'6*6mm Size',103,'Switches',True,'sku1031101',100)
insert into PRODUCT(productId,productName,productSubCategoryId,productSubCategoryName,productCategoryId,productCategoryName,productActive,skucode,productQuantity) values(1031102,'6x6mm 2',1031,'6*6mm Size',103,'Switches',True,'sku1031102',100)
insert into PRODUCT(productId,productName,productSubCategoryId,productSubCategoryName,productCategoryId,productCategoryName,productActive,skucode,productQuantity) values(1031103,'6x6mm 3',1031,'6*6mm Size',103,'Switches',True,'sku1031103',100)
insert into PRODUCT(productId,productName,productSubCategoryId,productSubCategoryName,productCategoryId,productCategoryName,productActive,skucode,productQuantity) values(1031104,'6x6mm 4',1031,'6*6mm Size',103,'Switches',True,'sku1031104',100)
insert into PRODUCT(productId,productName,productSubCategoryId,productSubCategoryName,productCategoryId,productCategoryName,productActive,skucode,productQuantity) values(1031105,'6x6mm 5',1031,'6*6mm Size',103,'Switches',True,'sku1031105',100)

insert into PRODUCT(productId,productName,productSubCategoryId,productSubCategoryName,productCategoryId,productCategoryName,productActive,skucode,productQuantity) values(1032101,'12x12mm Size 1',1032,'12*12mm Size',103,'Switches',True,'sku1032101',100)
insert into PRODUCT(productId,productName,productSubCategoryId,productSubCategoryName,productCategoryId,productCategoryName,productActive,skucode,productQuantity) values(1032102,'12x12mm Size 2',1032,'12*12mm Size',103,'Switches',True,'sku1032102',100)
insert into PRODUCT(productId,productName,productSubCategoryId,productSubCategoryName,productCategoryId,productCategoryName,productActive,skucode,productQuantity) values(1032103,'12x12mm Size 3',1032,'12*12mm Size',103,'Switches',True,'sku1032103',100)
insert into PRODUCT(productId,productName,productSubCategoryId,productSubCategoryName,productCategoryId,productCategoryName,productActive,skucode,productQuantity) values(1032104,'12x12mm Size 4',1032,'12*12mm Size',103,'Switches',True,'sku1032104',100)
insert into PRODUCT(productId,productName,productSubCategoryId,productSubCategoryName,productCategoryId,productCategoryName,productActive,skucode,productQuantity) values(1032105,'12x12mm Size 5',1032,'12*12mm Size',103,'Switches',True,'sku1032105',100)

insert into PRODUCT(productId,productName,productSubCategoryId,productSubCategoryName,productCategoryId,productCategoryName,productActive,skucode,productQuantity) values(1033101,'SMD Switches 1',1033,'SMD Switches',103,'Switches',True,'sku1033101',100)
insert into PRODUCT(productId,productName,productSubCategoryId,productSubCategoryName,productCategoryId,productCategoryName,productActive,skucode,productQuantity) values(1033102,'SMD Switches 2',1033,'SMD Switches',103,'Switches',True,'sku1033102',100)
insert into PRODUCT(productId,productName,productSubCategoryId,productSubCategoryName,productCategoryId,productCategoryName,productActive,skucode,productQuantity) values(1033103,'SMD Switches 3',1033,'SMD Switches',103,'Switches',True,'sku1033103',100)
insert into PRODUCT(productId,productName,productSubCategoryId,productSubCategoryName,productCategoryId,productCategoryName,productActive,skucode,productQuantity) values(1033104,'SMD Switches 4',1033,'SMD Switches',103,'Switches',True,'sku1033104',100)
insert into PRODUCT(productId,productName,productSubCategoryId,productSubCategoryName,productCategoryId,productCategoryName,productActive,skucode,productQuantity) values(1033105,'SMD Switches 5',1033,'SMD Switches',103,'Switches',True,'sku1033105',100)

insert into PRODUCT(productId,productName,productSubCategoryId,productSubCategoryName,productCategoryId,productCategoryName,productActive,skucode,productQuantity) values(1041101,'Inductors 1',1041,'Inductors',104,'Passive Components',True,'sku1041101',100)
insert into PRODUCT(productId,productName,productSubCategoryId,productSubCategoryName,productCategoryId,productCategoryName,productActive,skucode,productQuantity) values(1041102,'Inductors 2',1041,'Inductors',104,'Passive Components',True,'sku1041102',100)
insert into PRODUCT(productId,productName,productSubCategoryId,productSubCategoryName,productCategoryId,productCategoryName,productActive,skucode,productQuantity) values(1041103,'Inductors 3',1041,'Inductors',104,'Passive Components',True,'sku1041103',100)
insert into PRODUCT(productId,productName,productSubCategoryId,productSubCategoryName,productCategoryId,productCategoryName,productActive,skucode,productQuantity) values(1041104,'Inductors 4',1041,'Inductors',104,'Passive Components',True,'sku1041104',100)
insert into PRODUCT(productId,productName,productSubCategoryId,productSubCategoryName,productCategoryId,productCategoryName,productActive,skucode,productQuantity) values(1041105,'Inductors 5',1041,'Inductors',104,'Passive Components',True,'sku1041105',100)

insert into PRODUCT(productId,productName,productSubCategoryId,productSubCategoryName,productCategoryId,productCategoryName,productActive,skucode,productQuantity) values(1042101,'Resisters 1',1042,'Resistors SMD',104,'Passive Components',True,'sku1042101',100)
insert into PRODUCT(productId,productName,productSubCategoryId,productSubCategoryName,productCategoryId,productCategoryName,productActive,skucode,productQuantity) values(1042102,'Resisters 2',1042,'Resistors SMD',104,'Passive Components',True,'sku1042102',100)
insert into PRODUCT(productId,productName,productSubCategoryId,productSubCategoryName,productCategoryId,productCategoryName,productActive,skucode,productQuantity) values(1042103,'Resisters 3',1042,'Resistors SMD',104,'Passive Components',True,'sku1042103',100)
insert into PRODUCT(productId,productName,productSubCategoryId,productSubCategoryName,productCategoryId,productCategoryName,productActive,skucode,productQuantity) values(1042104,'Resisters 4',1042,'Resistors SMD',104,'Passive Components',True,'sku1042104',100)
insert into PRODUCT(productId,productName,productSubCategoryId,productSubCategoryName,productCategoryId,productCategoryName,productActive,skucode,productQuantity) values(1042105,'Resisters 5',1042,'Resistors SMD',104,'Passive Components',True,'sku1042105',100)

insert into PRODUCT(productId,productName,productSubCategoryId,productSubCategoryName,productCategoryId,productCategoryName,productActive,skucode,productQuantity) values(1043101,'Capacitors 1',1043,'Capacitors SMD MLCC',104,'Passive Components',True,'sku1043101',100)
insert into PRODUCT(productId,productName,productSubCategoryId,productSubCategoryName,productCategoryId,productCategoryName,productActive,skucode,productQuantity) values(1043102,'Capacitors 2',1043,'Capacitors SMD MLCC',104,'Passive Components',True,'sku1043102',100)
insert into PRODUCT(productId,productName,productSubCategoryId,productSubCategoryName,productCategoryId,productCategoryName,productActive,skucode,productQuantity) values(1043103,'Capacitors 3',1043,'Capacitors SMD MLCC',104,'Passive Components',True,'sku1043103',100)
insert into PRODUCT(productId,productName,productSubCategoryId,productSubCategoryName,productCategoryId,productCategoryName,productActive,skucode,productQuantity) values(1043104,'Capacitors 4',1043,'Capacitors SMD MLCC',104,'Passive Components',True,'sku1043104',100)
insert into PRODUCT(productId,productName,productSubCategoryId,productSubCategoryName,productCategoryId,productCategoryName,productActive,skucode,productQuantity) values(1043105,'Capacitors 5',1043,'Capacitors SMD MLCC',104,'Passive Components',True,'sku1043105',100)


